,abstract_id,sentence_index,attack_successful,divergence,num_changed,num_queries
0,1524115,0,False,,,
1,1524115,1,False,,,
2,1524115,2,False,0.0001650114281801,1.0,1.0
3,1524115,3,False,,,
4,1524115,4,False,,,
5,1524115,5,False,,1.0,2.0
6,1524115,6,False,,,
7,1524115,7,False,0.0001986920979106,1.0,1.0
8,1524115,8,False,0.0002765487297438,1.0,1.0
9,1524115,9,False,,,
10,1524115,10,False,4.696878022514284e-05,1.0,1.0
11,1524115,11,False,,,
12,1524115,12,False,,,
13,1524115,13,False,,,
14,1882923,0,False,,,
15,1882923,1,False,,,
16,1882923,2,False,,1.0,2.0
17,1882923,3,False,,,
18,1882923,4,False,,,
19,1882923,5,False,,2.0,3.0
20,1882923,6,True,,1.0,2.0
21,1882923,7,False,,1.0,2.0
22,1882923,9,False,,,
23,1882923,10,False,,2.0,3.0
24,1882923,11,False,,,
25,8123096,0,False,,,
26,8123096,1,False,,,
27,8123096,2,False,,2.0,3.0
28,8123096,3,False,,,
29,8123096,4,False,,,
30,8123096,5,False,0.0002859228989109,1.0,1.0
31,8123096,6,False,0.000333974167006,1.0,1.0
32,8123096,7,False,,1.0,2.0
33,8123096,8,False,0.0011806593975052,1.0,1.0
34,8123096,9,False,,,
35,8123096,10,False,,,
36,8123096,11,False,,,
37,8123096,12,False,,,
38,8123096,13,False,0.0011500007240101,1.0,1.0
39,8123096,14,False,0.0006307894363999,1.0,1.0
40,8123096,16,False,,2.0,3.0
41,8123096,17,False,,,
42,8628544,0,False,,,
43,8628544,1,False,,,
44,8628544,2,False,,3.0,4.0
45,8628544,3,False,0.0003589125990401,1.0,1.0
46,8628544,4,False,,,
47,8628544,5,False,,,
48,8628544,6,False,,2.0,3.0
49,8628544,7,False,,1.0,2.0
50,8628544,8,False,,,
51,8628544,9,False,,,
52,8628544,10,False,,1.0,2.0
53,8628544,11,False,,1.0,2.0
54,8628544,12,False,,1.0,2.0
55,8628544,13,False,,2.0,3.0
56,8628544,14,False,8.694155440025497e-08,1.0,1.0
57,8628544,15,False,3.4526967951364887e-09,1.0,1.0
58,8628544,16,False,1.4507768355542794e-06,1.0,1.0
59,8628544,17,False,,,
60,8628544,18,False,,1.0,2.0
61,8628544,19,False,,,
62,8694726,0,False,,,
63,8694726,1,False,,,
64,8694726,2,False,,2.0,3.0
65,8694726,3,False,,,
66,8694726,4,False,,,
67,8694726,6,False,,,
68,8694726,7,False,,1.0,2.0
69,8694726,8,False,0.0011541377753019,1.0,1.0
70,8694726,9,True,,1.0,2.0
71,8694726,10,False,0.0003940991009585,1.0,1.0
72,8694726,11,False,,1.0,2.0
73,8694726,12,False,,1.0,2.0
74,8694726,13,False,,1.0,2.0
75,8694726,14,False,7.000521122790815e-07,1.0,1.0
76,8694726,15,False,,1.0,2.0
77,8694726,16,False,,1.0,2.0
78,8694726,17,False,,,
79,9230823,0,False,,,
80,9230823,1,False,,,
81,9230823,2,False,,2.0,3.0
82,9230823,3,False,,,
83,9230823,4,False,0.0009388945181854,1.0,1.0
84,9230823,5,False,,,
85,9230823,8,False,,,
86,9230823,9,False,,2.0,3.0
87,9230823,10,False,,,
88,9230823,11,True,,1.0,2.0
89,9230823,12,False,,,
90,9230823,13,False,,,
91,9230823,14,False,,1.0,2.0
92,9230823,15,False,,1.0,2.0
93,9230823,16,False,,1.0,2.0
94,9230823,18,False,0.0005916111986152,1.0,1.0
95,9230823,19,False,,5.0,6.0
96,9230823,20,False,,1.0,2.0
97,9230823,21,False,,,
98,9230823,22,False,7.609256863361225e-05,1.0,1.0
99,9230823,23,False,8.552230428904295e-05,1.0,1.0
100,9230823,24,False,,,
101,9331215,0,False,,,
102,9331215,1,False,,,
103,9331215,2,False,0.0002304256922798,1.0,1.0
104,9331215,3,False,,,
105,9331215,4,False,0.0001342915347777,1.0,1.0
106,9331215,5,True,,2.0,3.0
107,9331215,6,False,,,
108,9331215,7,False,0.0002789114078041,1.0,1.0
109,9331215,8,False,,,
110,9331215,9,False,0.0003488246875349,1.0,1.0
111,9331215,10,False,,,
112,9331215,11,False,,,
113,9331215,12,False,,,
114,9331215,13,False,2.6770938347908668e-05,1.0,1.0
115,9331215,14,False,7.696410648350138e-06,1.0,1.0
116,9331215,15,False,,,
117,9331215,16,False,,,
118,10080213,0,False,,,
119,10080213,1,False,,,
120,10080213,2,False,,2.0,3.0
121,10080213,3,False,,,
122,10080213,4,False,,,
123,10080213,5,True,,1.0,2.0
124,10080213,6,False,,,
125,10080213,7,False,,,
126,10080213,8,False,,,
127,10080213,9,False,0.0003571840934455,1.0,1.0
128,10080213,10,False,,,
129,10080213,11,False,,,
130,10080213,12,False,,,
131,10080213,13,False,,1.0,2.0
132,10080213,14,False,,,
133,10080213,15,False,,,
134,10080213,16,False,,1.0,2.0
135,10080213,17,False,,1.0,2.0
136,10080213,18,False,,1.0,2.0
137,10080213,19,False,0.0002345387038076,1.0,1.0
138,10080213,20,False,,1.0,2.0
139,10080213,21,False,,1.0,2.0
140,10080213,22,False,7.734902465017512e-05,1.0,1.0
141,10080213,23,False,6.618823681492358e-05,1.0,1.0
142,10080213,24,False,,2.0,3.0
143,10080213,25,False,,,
144,10664047,0,False,,,
145,10664047,1,False,,,
146,10664047,2,False,,4.0,5.0
147,10664047,3,False,,,
148,10664047,4,False,,,
149,10664047,5,False,,5.0,6.0
150,10664047,6,False,,,
151,10664047,7,False,,1.0,2.0
152,10664047,8,False,,1.0,2.0
153,10664047,9,False,,,
154,10664047,10,False,,3.0,4.0
155,10664047,11,False,,,
156,10664047,12,False,,1.0,2.0
157,10664047,13,False,,,
158,10837379,0,False,,,
159,10837379,1,False,,,
160,10837379,2,True,,3.0,4.0
161,10837379,3,False,0.0001477408368373,1.0,1.0
162,10837379,4,False,,,
163,10837379,5,False,,,
164,10837379,6,True,,3.0,4.0
165,10837379,7,True,,1.0,2.0
166,10837379,8,True,,2.0,3.0
167,10837379,9,False,,,
168,10837379,10,False,0.0001124199843616,1.0,1.0
169,10837379,11,False,0.00012406843598,1.0,1.0
170,10837379,12,False,,,
171,10837379,13,False,,1.0,2.0
172,10837379,14,False,,1.0,2.0
173,10837379,16,False,,1.0,2.0
174,10837379,17,False,,,
175,10877373,0,False,,,
176,10877373,1,False,,,
177,10877373,2,True,,2.0,3.0
178,10877373,3,False,0.0001149261734099,1.0,1.0
179,10877373,4,False,,,
180,10877373,5,True,,2.0,3.0
181,10877373,6,True,,1.0,2.0
182,10877373,7,False,,1.0,2.0
183,10877373,8,False,,,
184,10877373,9,False,,,
185,10877373,10,False,,,
186,10877373,11,False,,1.0,2.0
187,10877373,12,False,,1.0,2.0
188,10877373,13,True,,1.0,2.0
189,10877373,14,False,,1.0,2.0
190,10877373,16,False,,,
191,10877373,17,False,,3.0,4.0
192,10877373,18,False,,3.0,4.0
193,10877373,19,False,,,
194,10901475,0,False,,,
195,10901475,1,False,,,
196,10901475,2,False,,1.0,2.0
197,10901475,3,False,0.0008498033275827,1.0,1.0
198,10901475,4,False,,,
199,10901475,5,False,0.0001393617858411,1.0,1.0
200,10901475,6,False,,,
201,10901475,7,False,,,
202,10901475,8,False,,3.0,4.0
203,10901475,9,False,1.19919659482548e-05,1.0,1.0
204,10901475,11,False,,1.0,2.0
205,10901475,12,False,,,
206,10901475,13,False,,1.0,2.0
207,10901475,14,False,,,
208,10901475,15,False,,,
209,10901475,16,False,,1.0,2.0
210,10901475,17,False,4.349067694420228e-06,1.0,1.0
211,10901475,18,False,6.754806236131117e-06,1.0,1.0
212,10901475,19,False,,1.0,2.0
213,10901475,20,False,,1.0,2.0
214,10901475,21,False,2.731260565269622e-06,1.0,1.0
215,10901475,22,False,,1.0,2.0
216,10901475,23,False,,,
217,10901475,24,False,,,
218,11167277,0,False,,,
219,11167277,1,False,,,
220,11167277,2,False,,2.0,3.0
221,11167277,3,False,,,
222,11167277,4,False,,,
223,11167277,5,False,,2.0,3.0
224,11167277,6,False,,2.0,3.0
225,11167277,7,False,,,
226,11167277,8,False,,2.0,3.0
227,11167277,9,False,,,
228,11167277,10,False,,2.0,3.0
229,11167277,11,False,,2.0,3.0
230,11167277,12,False,,,
231,11336940,0,False,,,
232,11336940,1,False,,,
233,11336940,2,False,,1.0,2.0
234,11336940,3,False,,,
235,11336940,4,False,,,
236,11336940,5,False,0.0006007212796248,1.0,1.0
237,11336940,6,False,,1.0,2.0
238,11336940,7,False,,,
239,11336940,8,False,,,
240,11336940,9,False,1.0904797818511724e-05,1.0,1.0
241,11336940,10,False,,,
242,11336940,12,False,,,
243,11336940,13,False,0.0001060251743183,1.0,1.0
244,11336940,14,False,2.332055009901524e-05,1.0,1.0
245,11336940,15,False,2.8513410143204965e-05,1.0,1.0
246,11336940,17,False,,,
247,11336940,18,False,,1.0,2.0
248,11336940,19,False,,,
249,11336940,20,False,,,
250,11558817,0,False,,,
251,11558817,1,False,,,
252,11558817,2,False,,3.0,4.0
253,11558817,3,False,,,
254,11558817,4,False,,2.0,3.0
255,11558817,5,False,,,
256,11558817,6,False,0.0004402552731335,1.0,1.0
257,11558817,7,False,0.004267631098628,1.0,1.0
258,11558817,8,False,,2.0,3.0
259,11558817,9,False,,,
260,11558817,11,False,,,
261,11558817,12,False,,3.0,4.0
262,11558817,13,False,,3.0,4.0
263,11558817,15,False,,2.0,3.0
264,11558817,16,False,,,
265,11825814,0,False,,,
266,11825814,1,False,,,
267,11825814,2,False,,3.0,4.0
268,11825814,3,False,,,
269,11825814,4,False,,,
270,11825814,7,False,,3.0,4.0
271,11825814,8,False,,,
272,11825814,9,False,,,
273,11825814,10,False,,1.0,2.0
274,11825814,11,False,,,
275,11825814,12,False,,,
276,11825814,13,False,,,
277,11825814,14,False,,,
278,11825814,15,False,,3.0,4.0
279,11825814,16,False,,1.0,2.0
280,11825814,17,False,,1.0,2.0
281,11825814,18,False,,3.0,4.0
282,11825814,19,False,,1.0,2.0
283,11825814,20,False,,2.0,3.0
284,11825814,21,False,,2.0,3.0
285,11825814,22,False,,,
286,11952485,0,False,,,
287,11952485,1,False,,,
288,11952485,2,True,,1.0,2.0
289,11952485,3,False,,,
290,11952485,4,False,,,
291,11952485,7,False,,1.0,2.0
292,11952485,8,False,,1.0,2.0
293,11952485,9,False,,,
294,11952485,10,False,,,
295,11952485,11,False,5.688726014341228e-05,1.0,1.0
296,11952485,12,False,0.0006085541099309,1.0,1.0
297,11952485,13,False,,1.0,2.0
298,11952485,14,False,,,
299,12383812,0,False,,,
300,12383812,1,False,,,
301,12383812,2,False,,1.0,2.0
302,12383812,3,False,,,
303,12383812,4,False,,1.0,2.0
304,12383812,5,False,,,
305,12383812,6,False,1.735883779474534e-05,1.0,1.0
306,12383812,7,False,0.000125879101688,1.0,1.0
307,12383812,8,False,5.889939347980544e-05,1.0,1.0
308,12383812,9,False,,,
309,12383812,10,False,0.0006332007469609,1.0,1.0
310,12383812,11,False,0.0003776765661314,1.0,1.0
311,12383812,12,False,0.0003067233483307,1.0,1.0
312,12383812,13,False,,,
313,12383812,14,False,0.0001938232162501,1.0,1.0
314,12383812,15,False,2.123581725754775e-05,1.0,1.0
315,12383812,17,False,8.905524737201631e-05,1.0,1.0
316,12383812,18,False,0.0002182116732001,1.0,1.0
317,12383812,19,False,2.9209139029262587e-05,1.0,1.0
318,12383812,20,False,,,
319,12466165,0,False,,,
320,12466165,1,False,,,
321,12466165,2,False,0.0001111814781324,1.0,1.0
322,12466165,3,False,,,
323,12466165,4,False,,,
324,12466165,5,False,1.953544824573328e-06,1.0,1.0
325,12466165,6,False,,,
326,12466165,7,False,,,
327,12466165,8,False,,,
328,12466165,9,False,,3.0,4.0
329,12466165,10,False,,,
330,12466165,11,False,,,
331,12466165,12,False,,1.0,2.0
332,12466165,13,False,,,
333,12466165,14,False,,1.0,2.0
334,12466165,15,False,,1.0,2.0
335,12466165,16,False,,1.0,2.0
336,12466165,17,False,,1.0,2.0
337,12466165,18,False,,,
338,12466165,19,False,,1.0,2.0
339,12466165,20,False,,2.0,3.0
340,12466165,21,False,0.0,1.0,1.0
341,12466165,22,False,,,
342,12470755,0,False,,,
343,12470755,1,False,,,
344,12470755,2,False,0.0005698874592781,1.0,1.0
345,12470755,3,False,0.0001770451199263,1.0,1.0
346,12470755,4,False,,,
347,12470755,5,False,,1.0,2.0
348,12470755,6,False,,,
349,12470755,7,False,0.0018098897999152,1.0,1.0
350,12470755,9,False,,,
351,12470755,10,False,0.0006416246760636,1.0,1.0
352,12470755,11,False,,,
353,12470755,12,False,3.103977724094875e-05,1.0,1.0
354,12470755,13,False,,,
355,12470755,14,False,,,
356,12483094,0,False,,,
357,12483094,1,False,,,
358,12483094,2,False,,2.0,3.0
359,12483094,3,False,6.150496483314782e-05,1.0,1.0
360,12483094,4,False,,,
361,12483094,5,False,,2.0,3.0
362,12483094,6,False,,,
363,12483094,7,False,,,
364,12483094,8,False,3.1032432161737233e-05,1.0,1.0
365,12483094,9,False,,,
366,12483094,11,False,0.0001470754068577,1.0,1.0
367,12483094,12,False,8.916367369238287e-05,1.0,1.0
368,12483094,13,False,1.3228734133008402e-05,1.0,1.0
369,12483094,14,False,8.237240399466828e-05,1.0,1.0
370,12483094,15,False,,,
371,12483094,16,False,1.2472059097490272e-05,1.0,1.0
372,12483094,17,False,,,
373,12485286,0,False,,,
374,12485286,1,False,,,
375,12485286,2,False,,2.0,3.0
376,12485286,3,False,5.714020153391175e-05,1.0,1.0
377,12485286,4,False,,,
378,12485286,5,False,,2.0,3.0
379,12485286,6,False,,3.0,4.0
380,12485286,7,False,,,
381,12485286,8,False,,2.0,3.0
382,12485286,9,False,,,
383,12485286,10,False,,3.0,4.0
384,12485286,11,False,,,
385,12486510,0,False,,,
386,12486510,1,False,,,
387,12486510,3,False,,1.0,2.0
388,12486510,4,False,,,
389,12486510,5,False,,,
390,12486510,6,False,,1.0,2.0
391,12486510,7,True,,2.0,3.0
392,12486510,8,True,,2.0,3.0
393,12486510,9,False,,,
394,12486510,10,False,0.0001451781427022,1.0,1.0
395,12486510,11,False,,,
396,12486510,12,False,0.0001999356318265,1.0,1.0
397,12486510,13,False,,,
398,12486510,14,False,,,
399,12486510,15,False,,1.0,2.0
400,12486510,16,False,,,
401,12586182,0,False,,,
402,12586182,1,False,,,
403,12586182,2,False,,2.0,3.0
404,12586182,3,False,,,
405,12586182,4,False,,2.0,3.0
406,12586182,5,False,,,
407,12586182,6,False,,1.0,2.0
408,12586182,7,False,,1.0,2.0
409,12586182,8,False,,,
410,12586182,9,False,,,
411,12586182,10,False,,1.0,2.0
412,12586182,11,False,,,
413,12586182,12,False,,1.0,2.0
414,12586182,13,False,,,
415,12586182,14,False,,3.0,4.0
416,12586182,15,False,,3.0,4.0
417,12586182,16,False,,,
418,12660585,0,False,,,
419,12660585,1,False,,,
420,12660585,2,False,,,
421,12660585,3,False,,,
422,12660585,4,False,,,
423,12660585,5,False,,,
424,12660585,6,False,,,
425,12660585,7,False,,,
426,12660585,8,False,,,
427,12660585,9,False,,,
428,12660585,10,False,,,
429,12660585,11,False,,,
430,12660585,12,True,0.1009607911109924,1.0,1.0
431,12660585,13,False,,,
432,12660585,14,False,,,
433,12660585,15,False,,,
434,12660585,17,True,0.6813522577285767,1.0,1.0
435,12660585,18,False,,,
436,12660585,19,False,,,
437,12660585,20,False,,,
438,12660585,21,False,,,
439,12660585,22,False,,,
440,12660585,23,False,,,
441,12660585,24,False,,,
442,12660585,25,False,,,
443,12660585,26,False,,,
444,12660585,27,False,,,
445,12660585,28,False,,,
446,12660585,29,False,,,
447,12660585,30,False,,,
448,12660585,31,False,2.453874913044274e-06,1.0,1.0
449,12660585,32,False,8.888036973075941e-07,1.0,1.0
450,12660585,33,False,,1.0,2.0
451,12660585,34,False,,,
452,12660585,35,False,,,
453,12660585,36,False,,,
454,12660585,37,False,1.7955833300220547e-06,1.0,1.0
455,12660585,38,False,,,
456,12867391,0,False,,,
457,12867391,1,False,,,
458,12867391,2,False,,2.0,3.0
459,12867391,3,False,,,
460,12867391,4,False,,,
461,12867391,5,True,,2.0,3.0
462,12867391,6,False,,,
463,12867391,7,False,,,
464,12867391,8,False,0.0003025916521437,1.0,1.0
465,12867391,9,False,9.292587492382154e-05,1.0,1.0
466,12867391,10,False,,,
467,12867391,11,False,,,
468,12867391,12,False,0.0001393531565554,1.0,1.0
469,12867391,13,False,0.0001776956487447,1.0,1.0
470,12867391,14,False,2.544686503824778e-05,1.0,1.0
471,12867391,15,False,1.2629260709218215e-05,1.0,1.0
472,12867391,16,False,,,
473,12867391,17,False,7.46908481232822e-05,1.0,1.0
474,12867391,18,False,,,
475,14736774,0,False,,,
476,14736774,1,False,,,
477,14736774,2,True,,3.0,4.0
478,14736774,3,False,,,
479,14736774,4,False,,,
480,14736774,5,True,,1.0,2.0
481,14736774,6,True,0.467133104801178,1.0,1.0
482,14736774,7,True,,3.0,4.0
483,14736774,8,False,,,
484,14736774,10,False,,,
485,14736774,11,False,,,
486,14736774,12,False,,,
487,14736774,13,False,,,
488,14736774,14,False,,,
489,14736774,15,False,,1.0,2.0
490,14736774,16,False,,,
491,14736774,17,False,,,
492,15037890,0,False,,,
493,15037890,1,False,,,
494,15037890,2,False,,3.0,4.0
495,15037890,3,False,,,
496,15037890,4,False,,,
497,15037890,5,False,,3.0,4.0
498,15037890,6,False,,2.0,3.0
499,15037890,8,False,,,
500,15037890,9,False,,1.0,2.0
501,15037890,10,False,,,
502,15037890,11,False,,1.0,2.0
503,15037890,12,False,,,
504,15037890,13,False,,,
505,15037890,14,False,,1.0,2.0
506,15037890,15,False,,,
507,15094733,0,False,,,
508,15094733,1,False,,,
509,15094733,2,True,,2.0,3.0
510,15094733,3,False,,,
511,15094733,5,False,,,
512,15094733,6,False,,1.0,2.0
513,15094733,7,False,,,
514,15094733,8,False,,,
515,15094733,9,False,,,
516,15094733,10,False,,,
517,15094733,11,False,,2.0,3.0
518,15094733,12,False,,,
519,15094733,13,False,,,
520,15094733,14,False,,1.0,2.0
521,15094733,15,False,,,
522,15097262,0,False,,,
523,15097262,1,False,,,
524,15097262,2,True,,3.0,4.0
525,15097262,3,False,,,
526,15097262,4,False,,3.0,4.0
527,15097262,5,False,,1.0,2.0
528,15097262,6,True,,4.0,5.0
529,15097262,7,False,,,
530,15097262,8,False,,3.0,4.0
531,15097262,9,False,,,
532,15097262,10,False,,,
533,15097262,11,False,,,
534,15097262,12,False,,3.0,4.0
535,15097262,13,False,,,
536,15097262,14,False,,,
537,15220019,0,False,,,
538,15220019,1,False,,,
539,15220019,2,False,,2.0,3.0
540,15220019,3,False,6.249012949410826e-05,1.0,1.0
541,15220019,4,False,7.095553155522794e-05,1.0,1.0
542,15220019,5,False,,,
543,15220019,6,False,,2.0,3.0
544,15220019,7,False,,2.0,3.0
545,15220019,8,False,,,
546,15220019,9,False,,3.0,4.0
547,15220019,10,False,,,
548,15220019,11,False,,,
549,15220019,12,False,,,
550,15220019,14,False,,2.0,3.0
551,15220019,15,False,,,
552,15220019,16,False,,2.0,3.0
553,15220019,17,False,0.0007012723945081,1.0,1.0
554,15220019,18,False,0.000605774926953,1.0,1.0
555,15220019,19,False,0.0007737990235909,1.0,1.0
556,15220019,20,False,0.0,1.0,1.0
557,15220019,21,False,,2.0,3.0
558,15220019,22,False,,,
559,15598478,0,False,,,
560,15598478,1,False,,,
561,15598478,2,False,,4.0,5.0
562,15598478,3,False,0.0011432616738602,1.0,1.0
563,15598478,4,False,,,
564,15598478,5,False,0.0018318790243938,1.0,1.0
565,15598478,6,False,,,
566,15598478,7,True,,3.0,4.0
567,15598478,8,False,,,
568,15598478,9,False,,2.0,3.0
569,15598478,10,False,,1.0,2.0
570,15598478,11,False,,,
571,15598478,12,False,,,
572,15598478,13,False,,,
573,15598478,15,False,,,
574,15598478,16,False,7.227226160466671e-05,1.0,1.0
575,15598478,18,False,0.0004831984406337,1.0,1.0
576,15598478,19,False,,1.0,2.0
577,15598478,20,False,,,
578,15598478,21,False,9.46871523410664e-07,1.0,1.0
579,15598478,22,False,,1.0,2.0
580,15598478,23,False,,,
581,15857284,0,False,,,
582,15857284,1,False,,,
583,15857284,2,False,,3.0,4.0
584,15857284,3,False,,,
585,15857284,4,False,,,
586,15857284,5,False,,1.0,2.0
587,15857284,6,False,,3.0,4.0
588,15857284,7,False,0.0002262276102555,1.0,1.0
589,15857284,8,False,,2.0,3.0
590,15857284,9,False,,1.0,2.0
591,15857284,10,False,,,
592,15857284,11,False,,4.0,5.0
593,15857284,12,False,,4.0,5.0
594,15857284,13,False,,,
595,16009829,0,False,,,
596,16009829,1,False,,,
597,16009829,2,False,,2.0,3.0
598,16009829,3,False,,,
599,16009829,4,False,0.0002749062550719,1.0,1.0
600,16009829,5,False,,2.0,3.0
601,16009829,6,False,,2.0,3.0
602,16009829,7,False,,,
603,16009829,8,False,,,
604,16009829,9,False,,,
605,16009829,10,False,3.055195338674821e-05,1.0,1.0
606,16009829,11,False,,,
607,16009829,12,False,,2.0,3.0
608,16009829,13,False,,2.0,3.0
609,16009829,14,False,,,
610,16458964,0,False,,,
611,16458964,1,False,,,
612,16458964,3,False,,3.0,4.0
613,16458964,4,False,,,
614,16458964,5,False,,,
615,16458964,6,False,,6.0,7.0
616,16458964,7,False,,,
617,16458964,8,False,,3.0,4.0
618,16458964,9,False,,,
619,16458964,10,False,,1.0,2.0
620,16458964,11,False,,,
621,16458964,13,False,,2.0,3.0
622,16458964,14,True,,6.0,7.0
623,16458964,15,False,,2.0,3.0
624,16458964,16,False,,5.0,6.0
625,16458964,17,False,,,
626,16750448,0,False,,,
627,16750448,1,False,,,
628,16750448,2,False,,3.0,4.0
629,16750448,3,False,0.0001361439208267,1.0,1.0
630,16750448,4,False,,3.0,4.0
631,16750448,5,False,,,
632,16750448,6,False,2.3613189114257693e-05,1.0,1.0
633,16750448,7,False,,2.0,3.0
634,16750448,8,False,,5.0,6.0
635,16750448,9,False,,,
636,16750448,10,False,,,
637,16750448,11,False,,2.0,3.0
638,16750448,13,False,,,
639,16750448,14,False,,2.0,3.0
640,16750448,15,False,,,
641,16750448,16,False,,7.0,8.0
642,16750448,17,False,,3.0,4.0
643,16750448,18,False,,2.0,3.0
644,16750448,19,False,,,
645,16750448,20,False,,,
646,16825272,0,False,,,
647,16825272,1,False,,,
648,16825272,2,False,,,
649,16825272,3,True,,3.0,4.0
650,16825272,4,False,,1.0,2.0
651,16825272,5,False,,,
652,16825272,7,False,,,
653,16825272,8,True,,3.0,4.0
654,16825272,9,False,,,
655,16825272,10,False,,2.0,3.0
656,16825272,11,False,,,
657,16825272,12,False,,,
658,16825272,13,False,,,
659,16825272,14,False,,,
660,16825272,15,False,,1.0,2.0
661,16825272,16,False,,1.0,2.0
662,16825272,17,False,,1.0,2.0
663,16825272,18,False,,,
664,16825272,19,False,,1.0,2.0
665,16825272,20,False,,,
666,17197028,0,False,,,
667,17197028,1,False,,,
668,17197028,3,False,,2.0,3.0
669,17197028,4,False,,,
670,17197028,5,False,,,
671,17197028,6,False,,2.0,3.0
672,17197028,7,False,,,
673,17197028,8,False,0.1779085248708725,1.0,1.0
674,17197028,9,False,,1.0,2.0
675,17197028,11,False,,,
676,17197028,12,False,,,
677,17197028,13,False,,1.0,2.0
678,17197028,14,False,0.1702946573495865,1.0,1.0
679,17197028,15,False,,1.0,2.0
680,17197028,16,False,,3.0,4.0
681,17197028,17,False,,,
682,17244215,0,False,,,
683,17244215,1,False,,,
684,17244215,2,False,,2.0,3.0
685,17244215,3,False,,,
686,17244215,4,False,,,
687,17244215,5,True,,3.0,4.0
688,17244215,6,True,,3.0,4.0
689,17244215,7,False,,,
690,17244215,8,False,,,
691,17244215,10,False,,,
692,17244215,11,False,,2.0,3.0
693,17244215,12,False,,2.0,3.0
694,17244215,13,False,,,
695,17244215,14,False,,2.0,3.0
696,17244215,15,False,,2.0,3.0
697,17244215,16,False,,1.0,2.0
698,17244215,17,False,,,
699,17407624,0,False,,,
700,17407624,1,False,,,
701,17407624,2,False,,3.0,4.0
702,17407624,3,False,,,
703,17407624,4,False,3.736749931704253e-05,1.0,1.0
704,17407624,5,False,,4.0,5.0
705,17407624,6,False,,,
706,17407624,7,False,,,
707,17407624,8,False,,,
708,17407624,9,False,,,
709,17407624,10,False,,,
710,17407624,12,False,,,
711,17407624,13,False,,,
712,17407624,14,False,,,
713,17407624,15,False,,,
714,17407624,16,False,,,
715,17407624,17,False,,,
716,17407624,18,False,,,
717,17407624,19,False,,,
718,17407624,20,False,,,
719,17519068,0,False,,,
720,17519068,1,False,,,
721,17519068,2,False,,3.0,4.0
722,17519068,3,False,,,
723,17519068,4,False,,3.0,4.0
724,17519068,5,False,,,
725,17519068,6,False,,,
726,17519068,7,False,,,
727,17519068,8,False,,,
728,17519068,9,False,,,
729,17519068,10,False,4.2055016820086166e-05,1.0,1.0
730,17519068,11,False,,,
731,17519068,12,False,,,
732,17571086,0,False,,,
733,17571086,1,False,,,
734,17571086,3,False,,1.0,2.0
735,17571086,4,False,,,
736,17571086,5,False,,,
737,17571086,6,False,,2.0,3.0
738,17571086,7,False,,,
739,17571086,8,False,,1.0,2.0
740,17571086,9,False,,,
741,17571086,10,False,,,
742,17571086,11,False,,,
743,17571086,12,False,,,
744,17571086,13,False,,,
745,17571086,14,False,,,
746,17571086,15,False,,,
747,17571086,16,False,,1.0,2.0
748,17571086,17,False,,,
749,18327364,0,False,,,
750,18327364,1,False,,,
751,18327364,2,True,,3.0,4.0
752,18327364,3,False,,,
753,18327364,4,False,,,
754,18327364,5,True,,3.0,4.0
755,18327364,6,True,,5.0,6.0
756,18327364,7,False,,,
757,18327364,8,False,,,
758,18327364,9,False,,,
759,18327364,10,False,,2.0,3.0
760,18327364,12,False,,2.0,3.0
761,18327364,13,False,,,
762,18402717,0,False,,,
763,18402717,1,False,,,
764,18402717,3,False,,3.0,4.0
765,18402717,4,False,,,
766,18402717,5,False,,,
767,18402717,6,False,,3.0,4.0
768,18402717,7,False,,,
769,18402717,8,False,,1.0,2.0
770,18402717,9,False,,1.0,2.0
771,18402717,10,False,,,
772,18402717,11,False,,1.0,2.0
773,18402717,12,False,0.0011094481451436,1.0,1.0
774,18402717,13,False,,1.0,2.0
775,18402717,14,False,,1.0,2.0
776,18402717,15,False,,1.0,2.0
777,18402717,16,False,,,
778,18402717,17,False,,,
779,18402717,18,False,6.078480510041118e-07,1.0,1.0
780,18402717,19,False,,,
781,18535605,0,False,,,
782,18535605,1,False,,,
783,18535605,3,False,,3.0,4.0
784,18535605,4,False,,,
785,18535605,5,False,,3.0,4.0
786,18535605,6,False,,,
787,18535605,7,False,,1.0,2.0
788,18535605,9,False,,1.0,2.0
789,18535605,10,False,,,
790,18535605,11,False,,,
791,18535605,12,False,1.648913348617498e-05,1.0,1.0
792,18535605,13,False,,,
793,18535605,14,False,,,
794,18535605,15,False,,,
795,18721251,0,False,,,
796,18721251,1,False,,,
797,18721251,3,False,,3.0,4.0
798,18721251,4,False,,,
799,18721251,5,False,,,
800,18721251,6,False,,3.0,4.0
801,18721251,7,False,2.8305003070272505e-05,1.0,1.0
802,18721251,8,False,,,
803,18721251,10,False,,,
804,18721251,11,False,,,
805,18721251,12,False,0.0001947706477949,1.0,1.0
806,18721251,13,False,0.0001829816465033,1.0,1.0
807,18721251,14,False,,,
808,18721251,15,False,1.0851922525034752e-05,1.0,1.0
809,18721251,16,False,,2.0,3.0
810,18721251,17,False,9.07372850633692e-06,1.0,1.0
811,18721251,18,False,,,
812,18721251,19,False,,,
813,19123151,0,False,,,
814,19123151,1,False,,,
815,19123151,2,False,,3.0,4.0
816,19123151,3,False,,,
817,19123151,4,False,,,
818,19123151,6,False,,,
819,19123151,7,False,,3.0,4.0
820,19123151,8,False,8.774716064863242e-09,1.0,1.0
821,19123151,9,False,,,
822,19123151,10,False,,,
823,19123151,11,False,,,
824,19123151,12,False,,,
825,19123151,13,False,,,
826,19123151,14,False,,,
827,19123151,15,False,4.11566361435689e-07,1.0,1.0
828,19123151,16,False,,,
829,19123151,17,False,,,
830,19476406,0,False,,,
831,19476406,1,False,,,
832,19476406,2,False,,3.0,4.0
833,19476406,3,False,,,
834,19476406,4,False,,3.0,4.0
835,19476406,5,False,,6.0,7.0
836,19476406,6,False,,,
837,19476406,7,False,,7.0,8.0
838,19476406,9,False,,,
839,19476406,12,False,,,
840,19476406,13,False,,,
841,19476406,14,False,,3.0,4.0
842,19476406,15,False,,3.0,4.0
843,19476406,16,True,,4.0,5.0
844,19476406,17,False,,3.0,4.0
845,19476406,18,False,,,
846,19476406,19,False,,3.0,4.0
847,19476406,20,False,,3.0,4.0
848,19476406,21,False,,,
849,19726422,0,False,,,
850,19726422,1,False,,,
851,19726422,3,False,,2.0,3.0
852,19726422,4,False,,,
853,19726422,5,False,,,
854,19726422,6,False,,4.0,5.0
855,19726422,7,False,,,
856,19726422,8,False,,3.0,4.0
857,19726422,9,False,1.2520028576545885e-05,1.0,1.0
858,19726422,10,False,4.197694215690717e-05,1.0,1.0
859,19726422,11,False,,1.0,2.0
860,19726422,12,False,,2.0,3.0
861,19726422,13,False,,2.0,3.0
862,19726422,14,False,,2.0,3.0
863,19726422,15,False,,2.0,3.0
864,19726422,16,False,,3.0,4.0
865,19726422,17,False,,3.0,4.0
866,19726422,18,False,,,
867,19860553,0,False,,,
868,19860553,1,False,,,
869,19860553,2,False,,2.0,3.0
870,19860553,3,False,,,
871,19860553,4,False,,4.0,5.0
872,19860553,5,False,3.468709837761708e-05,1.0,1.0
873,19860553,6,False,,2.0,3.0
874,19860553,7,False,,,
875,19860553,8,False,,2.0,3.0
876,19860553,9,False,,1.0,2.0
877,19860553,10,False,,1.0,2.0
878,19860553,11,False,,,
879,19860553,12,False,,2.0,3.0
880,19860553,13,False,,1.0,2.0
881,19860553,14,False,,,
882,20429818,0,False,,,
883,20429818,1,False,,,
884,20429818,2,True,,3.0,4.0
885,20429818,3,False,,,
886,20429818,4,False,,,
887,20429818,5,True,,3.0,4.0
888,20429818,6,False,,,
889,20429818,7,False,1.421961144387751e-07,1.0,1.0
890,20429818,8,False,,,
891,20429818,9,False,,,
892,20429818,10,False,,,
893,20429818,12,False,,,
894,20429818,13,False,0.0001787753571989,1.0,1.0
895,20429818,14,False,,,
896,20429818,15,False,,,
897,20429818,16,False,,,
898,20429818,17,False,,,
899,20429818,18,False,,,
900,20429818,20,False,,,
901,20429818,21,False,,,
902,20429818,22,False,,,
903,20545217,0,False,,,
904,20545217,1,False,,,
905,20545217,2,False,,1.0,2.0
906,20545217,3,False,,,
907,20545217,4,False,,,
908,20545217,5,False,,1.0,2.0
909,20545217,6,False,,,
910,20545217,7,False,0.0003101552720181,1.0,1.0
911,20545217,8,False,,,
912,20545217,9,False,0.0007483371300622,1.0,1.0
913,20545217,10,False,3.3366199204465374e-05,1.0,1.0
914,20545217,11,False,,1.0,2.0
915,20545217,12,False,0.0,1.0,1.0
916,20545217,13,False,,,
917,21034177,0,False,,,
918,21034177,1,False,,,
919,21034177,3,False,,1.0,2.0
920,21034177,4,False,,,
921,21034177,5,False,,,
922,21034177,6,False,,1.0,2.0
923,21034177,7,False,,2.0,3.0
924,21034177,8,False,,,
925,21034177,9,False,,1.0,2.0
926,21034177,10,False,,,
927,21034177,11,False,,1.0,2.0
928,21034177,12,False,,1.0,2.0
929,21034177,13,False,,1.0,2.0
930,21034177,14,False,,,
931,21034177,15,False,,1.0,2.0
932,21034177,16,False,,,
933,21257146,0,False,,,
934,21257146,1,False,,,
935,21257146,3,True,,1.0,2.0
936,21257146,4,False,,,
937,21257146,6,False,,,
938,21257146,15,False,0.000141592870932,1.0,1.0
939,21257146,16,False,,,
940,21257146,17,False,,,
941,21257146,18,True,,1.0,2.0
942,21257146,20,False,,,
943,21257146,21,False,5.311565473675728e-05,1.0,1.0
944,21257146,22,True,,1.0,2.0
945,21257146,23,False,,,
946,21257146,24,False,,1.0,2.0
947,21257146,25,False,,1.0,2.0
948,21257146,26,False,,1.0,2.0
949,21257146,28,False,,1.0,2.0
950,21257146,30,False,,,
951,21499770,0,False,,,
952,21499770,1,False,,,
953,21499770,3,False,,4.0,5.0
954,21499770,4,False,,,
955,21499770,6,False,,,
956,21499770,7,False,,3.0,4.0
957,21499770,8,False,5.3606574510922655e-05,1.0,1.0
958,21499770,9,False,,4.0,5.0
959,21499770,10,False,,,
960,21499770,11,False,2.5582732632756237e-05,1.0,1.0
961,21499770,12,False,,1.0,2.0
962,21499770,14,False,,1.0,2.0
963,21499770,15,False,,,
964,21499770,16,False,1.0600321729725692e-05,1.0,1.0
965,21499770,17,False,,1.0,2.0
966,21499770,18,False,,3.0,4.0
967,21499770,19,False,,,
968,21792284,0,False,,,
969,21792284,1,False,,,
970,21792284,3,True,,3.0,4.0
971,21792284,4,False,,,
972,21792284,5,False,,,
973,21792284,6,False,,5.0,6.0
974,21792284,7,False,1.6291985957650468e-05,1.0,1.0
975,21792284,8,True,,4.0,5.0
976,21792284,9,False,,,
977,21792284,10,False,,,
978,21792284,12,False,,2.0,3.0
979,21792284,13,False,,3.0,4.0
980,21792284,14,False,,3.0,4.0
981,21792284,15,False,,2.0,3.0
982,21792284,16,False,,,
983,21792284,17,False,,5.0,6.0
984,21792284,18,False,,3.0,4.0
985,21792284,19,False,,,
986,21851642,0,False,,,
987,21851642,1,False,,,
988,21851642,2,False,,2.0,3.0
989,21851642,3,False,,,
990,21851642,5,False,,,
991,21851642,6,False,,2.0,3.0
992,21851642,7,False,,1.0,2.0
993,21851642,8,False,,,
994,21851642,9,False,,,
995,21851642,10,False,,,
996,21851642,11,False,,,
997,21851642,13,False,,1.0,2.0
998,21851642,14,False,,,
999,21851642,15,False,,,
1000,22320418,0,False,,,
1001,22320418,1,False,,,
1002,22320418,3,False,,3.0,4.0
1003,22320418,4,False,,,
1004,22320418,5,False,,2.0,3.0
1005,22320418,6,False,,,
1006,22320418,7,False,,1.0,2.0
1007,22320418,8,False,,,
1008,22320418,9,False,,,
1009,22320418,10,False,,,
1010,22320418,11,False,0.0002649122616276,1.0,1.0
1011,22320418,12,False,,,
1012,22320418,13,False,,,
1013,22775229,0,False,,,
1014,22775229,1,False,,,
1015,22775229,3,False,,4.0,5.0
1016,22775229,4,False,,,
1017,22775229,5,False,1.978908130695345e-07,1.0,1.0
1018,22775229,6,False,,,
1019,22775229,7,False,,3.0,4.0
1020,22775229,8,False,1.9331784173459713e-08,1.0,1.0
1021,22775229,9,False,,,
1022,22775229,10,False,,,
1023,22775229,11,False,,,
1024,22775229,12,False,,,
1025,22775229,13,False,,,
1026,22775229,14,False,,,
1027,22775229,15,False,,,
1028,22775229,16,False,,,
1029,22775229,17,False,,,
1030,22775229,18,False,,,
1031,23203707,0,False,,,
1032,23203707,1,False,,,
1033,23203707,3,False,,1.0,2.0
1034,23203707,4,False,,,
1035,23203707,5,False,,,
1036,23203707,6,False,,1.0,2.0
1037,23203707,7,False,,,
1038,23203707,8,False,,,
1039,23203707,9,False,,,
1040,23203707,10,False,,,
1041,23203707,11,False,,,
1042,23203707,12,False,1.5202460872387746e-06,1.0,1.0
1043,23203707,13,False,1.8102235117112286e-05,1.0,1.0
1044,23203707,14,False,,,
1045,23203707,15,False,,,
1046,23203707,16,False,,,
1047,23550916,0,False,,,
1048,23550916,1,False,,,
1049,23550916,3,True,,4.0,5.0
1050,23550916,4,False,,,
1051,23550916,5,False,,,
1052,23550916,6,False,,4.0,5.0
1053,23550916,7,False,,,
1054,23550916,8,False,,5.0,6.0
1055,23550916,9,False,,,
1056,23550916,10,False,,,
1057,23550916,11,False,,,
1058,23550916,12,False,0.0004474464803934,1.0,1.0
1059,23550916,13,False,0.0005620239535346,1.0,1.0
1060,23550916,14,False,,3.0,4.0
1061,23550916,15,False,,3.0,4.0
1062,23550916,17,False,7.021194505796302e-07,1.0,1.0
1063,23550916,18,False,,1.0,2.0
1064,23550916,19,False,,,
1065,23950156,0,False,,,
1066,23950156,1,False,,,
1067,23950156,2,True,,3.0,4.0
1068,23950156,3,False,,,
1069,23950156,4,False,,3.0,4.0
1070,23950156,5,False,,,
1071,23950156,7,False,,1.0,2.0
1072,23950156,8,False,,,
1073,23950156,9,False,,,
1074,23950156,10,False,,,
1075,23950156,11,False,,,
1076,23950156,12,False,,,
1077,23950156,16,False,,,
1078,23950156,18,False,,,
1079,24672097,0,False,,,
1080,24672097,1,False,,,
1081,24672097,2,False,,1.0,2.0
1082,24672097,3,False,,,
1083,24672097,4,False,,,
1084,24672097,5,False,,,
1085,24672097,7,False,,,
1086,24672097,8,False,,1.0,2.0
1087,24672097,9,False,,1.0,2.0
1088,24672097,10,False,0.0001165955545729,1.0,1.0
1089,24672097,11,False,0.0002276044833706,1.0,1.0
1090,24672097,12,False,0.0007280224817804,1.0,1.0
1091,24672097,13,False,0.000973007234279,1.0,1.0
1092,24672097,14,False,,,
1093,24672097,15,False,0.0001136904684244,1.0,1.0
1094,24672097,16,False,8.165778854163364e-05,1.0,1.0
1095,24672097,17,False,,,
1096,24672097,18,False,0.0001874732697615,1.0,1.0
1097,24672097,19,False,0.0002791708975564,1.0,1.0
1098,24672097,20,False,,2.0,3.0
1099,24672097,21,False,,,
1100,24672097,22,False,,2.0,3.0
1101,24672097,23,False,,1.0,2.0
1102,24672097,24,False,,1.0,2.0
1103,24672097,25,False,0.0,1.0,1.0
1104,24672097,26,False,,,
1105,25430900,0,False,,,
1106,25430900,1,False,,,
1107,25430900,3,False,,4.0,5.0
1108,25430900,4,False,,,
1109,25430900,5,False,,,
1110,25430900,6,False,,,
1111,25430900,7,False,,4.0,5.0
1112,25430900,8,False,,,
1113,25430900,9,False,,,
1114,25430900,10,False,,,
1115,25430900,11,False,,,
1116,25430900,12,False,,,
1117,25430900,14,False,,,
1118,25430900,15,False,,,
1119,25430900,16,False,,,
1120,25430900,18,False,,1.0,2.0
1121,25430900,19,False,,,
1122,25430900,20,False,,1.0,2.0
1123,25430900,21,False,,,
1124,25430900,22,False,,,
1125,25432143,0,False,,,
1126,25432143,1,False,,,
1127,25432143,2,False,,2.0,3.0
1128,25432143,3,False,,,
1129,25432143,4,False,,,
1130,25432143,6,False,,,
1131,25432143,7,False,0.000115342940262,1.0,1.0
1132,25432143,8,False,1.0079413186758757e-05,1.0,1.0
1133,25432143,9,False,,,
1134,25432143,10,False,,,
1135,25432143,11,False,,,
1136,25432143,12,False,,,
1137,25432143,14,False,0.0001548089057905,1.0,1.0
1138,25432143,15,False,,,
1139,25432143,16,False,,,
1140,25432143,17,False,,,
1141,25432143,19,False,9.119150490732864e-06,1.0,1.0
1142,25432143,20,False,,,
1143,25432143,21,False,,,
1144,25432143,23,False,,,
1145,25533656,0,False,,,
1146,25533656,1,False,,,
1147,25533656,3,False,0.0,1.0,1.0
1148,25533656,4,False,,,
1149,25533656,5,False,,,
1150,25533656,6,False,,,
1151,25533656,7,False,,,
1152,25533656,8,False,,,
1153,25533656,9,False,,,
1154,25533656,10,False,,,
1155,25533656,11,False,,,
1156,25533656,12,False,,,
1157,25533656,13,False,,,
1158,25533656,14,False,,,
1159,25533656,15,False,,,
1160,25533656,16,False,,,
1161,25533656,17,False,,,
1162,25533656,18,False,,,
1163,25533656,19,False,,,
1164,25533656,30,False,,,
1165,25533656,31,False,6.28277994110249e-05,1.0,1.0
1166,25533656,32,False,,,
1167,25533656,33,False,0.0002472389023751,1.0,1.0
1168,25533656,34,False,,,
1169,25533656,35,False,,,
1170,25533656,37,False,,,
1171,25533656,39,False,,,
1172,25533656,40,False,6.324349669739604e-05,1.0,1.0
1173,25533656,41,False,0.0001038804548443,1.0,1.0
1174,25533656,42,False,1.2240605428814888e-05,1.0,1.0
1175,25533656,43,False,,,
1176,25533656,44,False,,,
1177,25533656,45,False,,,
1178,25533656,46,False,,,
1179,25533656,50,False,,,
1180,26578422,0,False,,,
1181,26578422,1,False,,,
1182,26578422,3,False,,2.0,3.0
1183,26578422,4,False,,,
1184,26578422,5,False,,,
1185,26578422,6,False,,,
1186,26578422,7,False,,,
1187,26578422,8,False,,,
1188,26578422,9,False,,,
1189,26578422,11,False,2.1955289412289854e-05,1.0,1.0
1190,26578422,12,False,,,
1191,26578422,13,False,,1.0,2.0
1192,26578422,15,False,0.0002389626897638,1.0,1.0
1193,26578422,16,False,,,
1194,26578422,17,False,,,
1195,26578422,20,False,,,
1196,26578422,21,False,0.0004907757393084,1.0,1.0
1197,26578422,22,False,4.607681330526248e-05,1.0,1.0
1198,26578422,23,False,6.782434502383694e-05,1.0,1.0
1199,26578422,24,False,,,
1200,26940161,0,False,,,
1201,26940161,1,False,,,
1202,26940161,3,False,,2.0,3.0
1203,26940161,4,False,,,
1204,26940161,5,False,,,
1205,26940161,7,False,,,
1206,26940161,8,False,,,
1207,26940161,9,False,,,
1208,26940161,10,False,,,
1209,26940161,11,False,,3.0,4.0
1210,26940161,12,False,,,
1211,26940161,13,False,,,
1212,26940161,14,False,0.0070845847949385,1.0,1.0
1213,26940161,15,False,,,
1214,26940161,16,False,,,
1215,26940161,17,False,,,
1216,26940161,18,False,,,
1217,26940161,19,False,,,
1218,26940161,20,False,,,
1219,26940161,21,False,1.351941864413675e-05,1.0,1.0
1220,26940161,22,False,,,
1221,26940161,25,False,,,
1222,27445072,0,False,,,
1223,27445072,1,False,,,
1224,27445072,3,False,,3.0,4.0
1225,27445072,4,False,,,
1226,27445072,5,False,,,
1227,27445072,6,False,,,
1228,27445072,7,False,,,
1229,27445072,8,False,,3.0,4.0
1230,27445072,9,False,,3.0,4.0
1231,27445072,10,False,,,
1232,27445072,11,False,,,
1233,27445072,12,False,,,
1234,27445072,13,False,,,
1235,27445072,14,False,,,
1236,27445072,16,False,,1.0,2.0
0,27445072,17,False,,,
